"Position","Author Name","Review Title"
1,"–°—Ç–∞—Å –ö.","–î—É–∂–µ –Ω–∞–≤—ñ—Ç—å –Ω–µ–ø–æ–≥–∞–Ω—ñ"
2,"–ï–≤–¥–æ–∫—ñ—è –ë.","–í—Å–µ –¥–æ–±—Ä–µ"
3,"–°–µ—Ä–≥—ñ—î–Ω–∫–æ –õ.","–¢–æ–≤–∞—Ä –æ—Ç—Ä–∏–º–∞–Ω–æ, –≤—Å–µ —è–∫ –Ω–∞ —Ñ–æ—Ç–æ, –ø—ñ—Å–ª—è –≤–∏–∫–æ—Ä–∏—Å—Ç–∞–Ω–Ω—è –¥–æ–¥–∞–º"
4,"–Æ—Ä—ñ–π –ö.","–í—Å–µ –¥–æ–±—Ä–µ –¥—è–∫—É—é"
5,"–û–ª—å–≥–∞ –í.","–º–∞–ª—å–∫–æ–≥–æ —Ä–æ–∑–º—ñ—Ä—É"
6,"–û–ª–µ–Ω–∞ –ö.","–•–æ—Ä–æ—à–µ–µ –∫–∞—á–µ—Å—Ç–≤–æ,—Å–ø–∞—Å–∏–±–æ"
7,"–†—É—Å–ª–∞–Ω –ü.","–ß—É–¥–æ–≤–æ"
8,"–ê–Ω–Ω–∞ –ë.","—Ü—ñ–Ω–∞-—è–∫—ñ—Å—Ç—å"
9,"–ê–ª–µ–∫—Å–∞–Ω–¥—Ä –ì.","–í—Å–µ –û–ö"
10,"–û–ª–µ–∫—Å–∞–Ω–¥—Ä –Ü.","–¥–æ–±—Ä–µ"
11,"–¢–µ—Ç—è–Ω–∞ –ù.","–ó–∞ —Ç–∞–∫—É —Ü—ñ–Ω—É, –Ω–∞–≤—ñ—Ç—å –Ω–µ –ø–æ–≥–∞–Ω–∞ —è–∫—ñ—Å—Ç—å"
12,"–û–∫—Å–∞–Ω–∞ –ü.","–ö–∞–ø—Å—É–ª—ã –¥–ª—è —Ä—Ä–∞–Ω–Ω—á"
13,"–Ø–Ω–∞ –°.","—Å—É–ø–µ—Ä, –∫–∞–ø—Å—É–ª–∏,—ñ —á–∏—Å—Ç–æ —ñ –ø–∞—Ö–Ω–µ."
14,"–ê–ª–ª–∞ –ú.","–î–æ–±—Ä–µ"
15,"–ù—ñ–Ω–∞ –®.","—Å—É–ø–µ—Ä"
16,"–°–µ—Ä–≥—ñ–π –õ.","—Ö–æ—Ä–æ—à–∏–π —Ä–µ–∫–æ–º–µ–Ω–¥—É—é"
17,"–Ñ–≥–æ—Ä –ü.","–í—Å–µ —á—É–¥–æ–≤–æ. –î—è–∫—É—é."
18,"–í–æ–ª–æ–¥–∏–º–∏—Ä –°.","—Å—É–ø–µ—Ä"
19,"–æ–∫—Å–∞–Ω–∞ –±.","–∫–∞–ø—Å—É–ª–∏ –¥—É–∂–µ –∫–ª–∞—Å–Ω—ñ.—Ä–µ–∫–æ–º–µ–Ω–¥—É—é"
20,"–°–µ—Ä–≥–µ–π –ó.","–¢–æ–≤–∞—Ä —Ö–æ—Ä–æ—à–∏–π, –Ω–æ –æ–±—Å–ª—É–∂–∏–≤–∞–Ω–∏–µ –Ω–µ—Ç"
21,"–ì–µ–Ω–Ω–∞–¥–∏–π –°.","—è –∑–∞–¥–æ–≤–æ–ª–µ–Ω–∏–π"
22,"–ê–Ω–∂–µ–ª–∞ –ü.","—Å–ø–æ–¥–æ–±–∞–ª–∏—Å—å, –¥–æ–±—Ä–µ –ø–µ—Ä—É—Ç—å"
23,"–Æ–ª–∏—è –°.","–¥—è–∫—É—é"
24,"–ú–∏—Ä–æ—Å–ª–∞–≤–∞ –ì.","–†–µ–∫–æ–º–µ–Ω–¥—É—é"
25,"–ù–∞–¥—ñ—è –°.","–ß—É–¥–æ–≤–æüëçüèª"
26,"–ì–∞–≤—Ä–∏–ª–µ–Ω–∫–æ –í.","—á—É–¥–æ–≤–æ –≤—Å–µ"
27,"–î–∞–Ω—ñ—ó–ª –ü.","–ß—É–¥–æ–≤–æ"
28,"–õ—é–¥–º–∏–ª–∞ –°.","–î–æ–±—Ä–µ"
29,"—é—Ä—ñ–π —Ä.","–¥—É–∂–µ –¥–æ–±—Ä–µ"
30,"–ù–∞—Ç–∞–ª—ñ—è –î.","—á—É–¥–æ–≤–æ"
31,"–û–ª–µ–∫—Å–∞–Ω–¥—Ä –ú.","—á—É–¥–æ–≤–æ"
32,"–Æ–ª—ñ—è –î.","–ó–∞–¥–æ–≤–æ–ª–µ–Ω–∞ –∑–∞–º–æ–≤–ª–µ–Ω–Ω—è–º"
33,"–û–ª–µ–≥ –í.","—è–∫—ñ—Å–Ω–∏–π —Ç–æ–≤–∞—Ä"
34,"–û–ª–µ–Ω–∞ –°.","–ó–∞–¥–æ–≤–æ–ª–µ–Ω–∞"
35,"–≥–∞–Ω–Ω–∞ –≥.","—á—É–¥–æ–≤–∏–π"
36,"–ê–ª–µ–∫—Å–µ–π","–≤—Å–µ –æ–∫"
37,"–ï–≤–≥–µ–Ω–∏–π –ó.","–ì–∞—Ä–Ω–∞ —è–∫—ñ—Å—Ç—å"
38,"–î–µ–Ω–∏—Å –ù.","–ß—É–¥–æ–≤–æ"
39,"–ì—Ä—ñ—à–∞ –ú.","–¢–æ–≤–∞—Ä –≤—ñ–¥–ø—Ä–≤—ñ–¥–∞—î —Ü—ñ–Ω—ñ"
40,"–í–∞—Å–∏–ª—å –õ.","–ß—É–¥–æ–≤–æ"
41,"–û–∫—Å–∞–Ω–∞ –ë.","—Å—É–ø–µ—Ä"
42,"–í—ñ—Ç–∞ –ì.","–†–µ–∫–æ–º–µ–Ω–¥—É—é"
43,"–ü–æ–∫—É–ø–µ—Ü—å","–∫–∞–ø—Å—É–ª–∏ –¥–ª—è –ø—Ä–∞–Ω–Ω—è"
44,"–í—ñ—Ç–∞–ª—ñ—è –ë.","—Å—É–ø–µ—Ä –∫–∞–ø—Å—É–ª–∏"
45,"–ê–ª–µ–∫—Å–∞–Ω–¥—Ä –í.","–ì–∞—Ä–Ω–∞ —Ü—ñ–Ω–∞"
46,"–û–∫—Å–∞–Ω–∞ –ö.","—Å—É–ø–µ—Ä"
47,"–Æ–ª–∏—è –°.","–æ—Ç–ª–∏—á–Ω—ã–µ –∫–∞–ø—Å—É–ª—ã"
48,"–ê–Ω—Ç–æ–Ω –ü.","–°—É–ø–µ—Ä"
49,"–°–≤–µ—Ç–ª–∞–Ω–∞ –ó.","–î—É–∂–µ —Ö–æ—Ä–æ—à–∏–π –ø—Ä–∞–ª—å–Ω–∏–π –ø–æ—Ä–æ—à–æ–∫"
50,"–Ü–≤–∞–Ω –°.","–∫–ª–∞—Å–Ω–∏–π –∞—Ä–æ–º–∞—Ç"
